Folder,Category,Unit/Chapter,SEO Title,SEO Description,File Name,File Type,Public Link,File ID,Last Updated
OSY K scheme,Unit / Chapter Notes,1,Operating System (OSY) Unit 1 Notes | MSBTE K Scheme,"Download Operating System (OSY) Unit 1 notes in PDF for MSBTE K Scheme. Easy, exam-oriented notes.",OSY chapter 1.pdf,application/pdf,https://drive.google.com/file/d/1e_-Sg8ca_xCNEvLCA6NdhxfBTGq21Bao/view?usp=drivesdk,1e_-Sg8ca_xCNEvLCA6NdhxfBTGq21Bao,10/6/2026
OSY K scheme,Unit / Chapter Notes,2,Operating System (OSY) Unit 2 Notes | MSBTE K Scheme,"Download Operating System (OSY) Unit 2 notes in PDF for MSBTE K Scheme. Easy, exam-oriented notes.",OSY Chapter 2 I Scheme Notes (1).pdf,application/pdf,https://drive.google.com/file/d/1Yb129pV9AQasUQyC8KTh7lYiZg2d0neV/view?usp=drivesdk,1Yb129pV9AQasUQyC8KTh7lYiZg2d0neV,10/6/2026
OSY K scheme,Unit / Chapter Notes,2,OSY Unit 2 Notes (Version 2) | MSBTE K Scheme,"Download Operating System (OSY) Unit 2 notes in PDF for MSBTE K Scheme. Easy, exam-oriented notes.",OSY Chapter 2 I Scheme Notes.pdf,application/pdf,https://drive.google.com/file/d/1hrZoyV0heMls2TXKbbQfYmbSe6H_Dfll/view?usp=drivesdk,1hrZoyV0heMls2TXKbbQfYmbSe6H_Dfll,10/6/2026
OSY K scheme,Unit / Chapter Notes,3,Operating System (OSY) Unit 3 Notes | MSBTE K Scheme,"Download Operating System (OSY) Unit 3 notes in PDF for MSBTE K Scheme. Easy, exam-oriented notes.",OSY chapter 3.pdf,application/pdf,https://drive.google.com/file/d/1i8nKEtDNdDi6w9NwdcjVRaL6ZniPXtM3/view?usp=drivesdk,1i8nKEtDNdDi6w9NwdcjVRaL6ZniPXtM3,10/6/2026
OSY K scheme,Unit / Chapter Notes,4,Operating System (OSY) Unit 4 Notes | MSBTE K Scheme,"Download Operating System (OSY) Unit 4 notes in PDF for MSBTE K Scheme. Easy, exam-oriented notes.",chapter 4 OSY.pdf,application/pdf,https://drive.google.com/file/d/1EmQslqKdYTRORuOafePlVxXBwFwHg_Jx/view?usp=drivesdk,1EmQslqKdYTRORuOafePlVxXBwFwHg_Jx,10/6/2026
OSY K scheme,Unit / Chapter Notes,5,OSY Unit 5 Notes – Memory Management | MSBTE K Scheme,"Download Operating System (OSY) Unit 5 – Memory Management notes in PDF for MSBTE K Scheme. Easy, exam-oriented notes.",OSY Chapter 5 Memory Management.pdf,application/pdf,https://drive.google.com/file/d/1MdxXLLsvp3-cg3qLrw3PFiI4zzUq63FR/view?usp=drivesdk,1MdxXLLsvp3-cg3qLrw3PFiI4zzUq63FR,10/6/2026
OSY K scheme,Unit / Chapter Notes,5,OSY Unit 5 Notes – Virtual Memory | MSBTE K Scheme,"Download Operating System (OSY) Unit 5 – Virtual Memory notes in PDF for MSBTE K Scheme. Easy, exam-oriented notes.",OSY Chapter 5 Virtual Memory.pdf,application/pdf,https://drive.google.com/file/d/15KIIkrlj1gAlcmKQjGX5ms_N89hovXnL/view?usp=drivesdk,15KIIkrlj1gAlcmKQjGX5ms_N89hovXnL,10/6/2026
OSY K scheme,Question Bank / IMP,,OSY Important Questions (IMP) | MSBTE K Scheme,Free PDF: Operating System (OSY) most important questions for MSBTE K Scheme. Practice and score better.,OSY IMP (1).pdf,application/pdf,https://drive.google.com/file/d/1h--j87Yonmv2KPxYJp9RBJaG55pPZGjL/view?usp=drivesdk,1h--j87Yonmv2KPxYJp9RBJaG55pPZGjL,10/6/2026
OSY K scheme,Paper / Model Answers,,OSY Paper Answer Key Winter 2024 | MSBTE K Scheme,Download Operating System (OSY) paper answer key PDF for MSBTE K Scheme. Understand the exam pattern.,OSY paper answer ki winter 2024 (1).pdf,application/pdf,https://drive.google.com/file/d/1MiiuGNWfdAGWmca-nI24i1MALs8vkw6Z/view?usp=drivesdk,1MiiuGNWfdAGWmca-nI24i1MALs8vkw6Z,10/6/2026
MIC K scheme,Complete / Overview Notes,,Microprocessor (MIC) Mega Roadmap | MSBTE K Scheme,"Free PDF: a complete preparation roadmap for Microprocessor (MIC), MSBTE K Scheme. Ideal for quick exam revision.",Microprocessor  MEGA ROAD MAP-1 (1).pdf,application/pdf,https://drive.google.com/file/d/1YFVUvwvZc3Z4HJUfeaHgDki8CBev6X_O/view?usp=drivesdk,1YFVUvwvZc3Z4HJUfeaHgDki8CBev6X_O,10/6/2026
MIC K scheme,Complete / Overview Notes,,Microprocessor (MIC) Mega Roadmap (Version 2) | MSBTE K Scheme,"Free PDF: a complete preparation roadmap for Microprocessor (MIC), MSBTE K Scheme. Ideal for quick exam revision.",Microprocessor  MEGA ROAD MAP.pdf,application/pdf,https://drive.google.com/file/d/1DHXTEe0E3yWPIcweAOzmzfBVE_F6TNB3/view?usp=drivesdk,1DHXTEe0E3yWPIcweAOzmzfBVE_F6TNB3,10/6/2026
MIC K scheme,Unit / Chapter Notes,1,Microprocessor (MIC) Unit 1 Notes | MSBTE K Scheme,"Download Microprocessor (MIC) Unit 1 notes in PDF for MSBTE K Scheme. Easy, exam-oriented notes.",MIC_Unit_1_Ultimate_Microprocrssor_8086_Notes_by_Ur_Engineering.pdf,application/pdf,https://drive.google.com/file/d/12fFNcDU6nt_3BiroV2_sBUs8s6E0QHhA/view?usp=drivesdk,12fFNcDU6nt_3BiroV2_sBUs8s6E0QHhA,10/6/2026
MIC K scheme,Unit / Chapter Notes,2,Microprocessor (MIC) Unit 2 Notes | MSBTE K Scheme,"Download Microprocessor (MIC) Unit 2 notes in PDF for MSBTE K Scheme. Easy, exam-oriented notes.",MIC_Unit_2_Ultimate_Microprocrssor_8086_Notes_by_Ur_Engineering.pdf,application/pdf,https://drive.google.com/file/d/1455N5dfL4noN7scLDM9ow61mdVw2bDCN/view?usp=drivesdk,1455N5dfL4noN7scLDM9ow61mdVw2bDCN,10/6/2026
MIC K scheme,Unit / Chapter Notes,3,Microprocessor (MIC) Unit 3 Notes | MSBTE K Scheme,"Download Microprocessor (MIC) Unit 3 notes in PDF for MSBTE K Scheme. Easy, exam-oriented notes.",mic_unit3 (1).pdf,application/pdf,https://drive.google.com/file/d/1Foud6lYEs2QL44jug7OGtNbEh3iOTz8a/view?usp=drivesdk,1Foud6lYEs2QL44jug7OGtNbEh3iOTz8a,10/6/2026
MIC K scheme,Unit / Chapter Notes,3,Microprocessor (MIC) Unit 3 Notes (Version 2) | MSBTE K Scheme,"Download Microprocessor (MIC) Unit 3 notes in PDF for MSBTE K Scheme. Easy, exam-oriented notes.",MIC_Unit_3_Ultimate_Microprocrssor_8086_Notes_by_Ur_Engineering.pdf,application/pdf,https://drive.google.com/file/d/1nFOQdDXAdSGdoFNVf6FkL5NYe_9qs9Yd/view?usp=drivesdk,1nFOQdDXAdSGdoFNVf6FkL5NYe_9qs9Yd,10/6/2026
MIC K scheme,Unit / Chapter Notes,4,Microprocessor (MIC) Unit 4 Notes | MSBTE K Scheme,"Download Microprocessor (MIC) Unit 4 notes in PDF for MSBTE K Scheme. Easy, exam-oriented notes.",MIC unit 4 (1).pdf,application/pdf,https://drive.google.com/file/d/1Oh7Yj9fdUJGbQ7qSAJU0VY1JaXEapQTU/view?usp=drivesdk,1Oh7Yj9fdUJGbQ7qSAJU0VY1JaXEapQTU,10/6/2026
MIC K scheme,Unit / Chapter Notes,4,Microprocessor (MIC) Unit 4 Notes (Version 2) | MSBTE K Scheme,"Download Microprocessor (MIC) Unit 4 notes in PDF for MSBTE K Scheme. Easy, exam-oriented notes.",mic-8086-topic-4 (1).pdf,application/pdf,https://drive.google.com/file/d/1FU4nbvN36MDqouzpp679b5szy5d8DlUZ/view?usp=drivesdk,1FU4nbvN36MDqouzpp679b5szy5d8DlUZ,10/6/2026
MIC K scheme,Unit / Chapter Notes,4,Microprocessor (MIC) Unit 4 Notes (Version 3) | MSBTE K Scheme,"Download Microprocessor (MIC) Unit 4 notes in PDF for MSBTE K Scheme. Easy, exam-oriented notes.",MIC_Unit_4_Ultimate_Microprocrssor_8086_Notes_by_Ur_Engineering.pdf,application/pdf,https://drive.google.com/file/d/1xnlKS31zS__rhFAKiZQvtnEX2SFQyFTc/view?usp=drivesdk,1xnlKS31zS__rhFAKiZQvtnEX2SFQyFTc,10/6/2026
MIC K scheme,Unit / Chapter Notes,5,Microprocessor (MIC) Unit 5 Notes | MSBTE K Scheme,"Download Microprocessor (MIC) Unit 5 notes in PDF for MSBTE K Scheme. Easy, exam-oriented notes.",MIC_Unit_5_Ultimate_Microprocrssor_8086_Notes_by_Ur_Engineering (1).pdf,application/pdf,https://drive.google.com/file/d/1UFW287-i-06DPakIVsZlRrUp39ozE95M/view?usp=drivesdk,1UFW287-i-06DPakIVsZlRrUp39ozE95M,10/6/2026
MIC K scheme,Unit / Chapter Notes,5,Microprocessor (MIC) Unit 5 Notes (Version 2) | MSBTE K Scheme,"Download Microprocessor (MIC) Unit 5 notes in PDF for MSBTE K Scheme. Easy, exam-oriented notes.",MIC_Unit_5_Ultimate_Microprocrssor_8086_Notes_by_Ur_Engineering (2).pdf,application/pdf,https://drive.google.com/file/d/1VjZXOKQQrex9MGSZwxokUn1EVCrG4MdT/view?usp=drivesdk,1VjZXOKQQrex9MGSZwxokUn1EVCrG4MdT,10/6/2026
MIC K scheme,Unit / Chapter Notes,5,Microprocessor (MIC) Unit 5 Notes (Version 3) | MSBTE K Scheme,"Download Microprocessor (MIC) Unit 5 notes in PDF for MSBTE K Scheme. Easy, exam-oriented notes.",MIC_Unit_5_Ultimate_Microprocrssor_8086_Notes_by_Ur_Engineering.pdf,application/pdf,https://drive.google.com/file/d/1rB4Qv7r6PEmFn3I2WxdXCodQ1aZoguBS/view?usp=drivesdk,1rB4Qv7r6PEmFn3I2WxdXCodQ1aZoguBS,10/6/2026
MIC K scheme,Question Bank / IMP,1,Microprocessor (MIC) Unit 1 Question Bank | MSBTE K Scheme,Free PDF: Microprocessor (MIC) Unit 1 important question bank for MSBTE K Scheme. Practice and score better.,MIC UNIT 1 VVIMP QUESTION BANK-1 (1).pdf,application/pdf,https://drive.google.com/file/d/1MDcn6XOtxfHKdY_zpNDTvYigKrKuHr4m/view?usp=drivesdk,1MDcn6XOtxfHKdY_zpNDTvYigKrKuHr4m,10/6/2026
MIC K scheme,Question Bank / IMP,1,MIC Unit 1 Question Bank (Version 2) | MSBTE K Scheme,Free PDF: Microprocessor (MIC) Unit 1 important question bank for MSBTE K Scheme. Practice and score better.,MIC UNIT 1 VVIMP QUESTION BANK.pdf,application/pdf,https://drive.google.com/file/d/1R80Q2tlyNDbIaoJFQudEOXHoztvvt6Y-/view?usp=drivesdk,1R80Q2tlyNDbIaoJFQudEOXHoztvvt6Y-,10/6/2026
MIC K scheme,Question Bank / IMP,2,Microprocessor (MIC) Unit 2 Question Bank | MSBTE K Scheme,Free PDF: Microprocessor (MIC) Unit 2 important question bank for MSBTE K Scheme. Practice and score better.,MIC UNIT 2  VVIMP QUESTION BANK-1 (1).pdf,application/pdf,https://drive.google.com/file/d/1AFKmHpSwvW7DytVKVdgo6uo59StPaBCw/view?usp=drivesdk,1AFKmHpSwvW7DytVKVdgo6uo59StPaBCw,10/6/2026
MIC K scheme,Question Bank / IMP,2,MIC Unit 2 Question Bank (Version 2) | MSBTE K Scheme,Free PDF: Microprocessor (MIC) Unit 2 important question bank for MSBTE K Scheme. Practice and score better.,MIC UNIT 2  VVIMP QUESTION BANK.pdf,application/pdf,https://drive.google.com/file/d/14md5qWdfrSJxshB6PZrNSzDZEjwxk610/view?usp=drivesdk,14md5qWdfrSJxshB6PZrNSzDZEjwxk610,10/6/2026
MIC K scheme,Question Bank / IMP,3,Microprocessor (MIC) Unit 3 Question Bank | MSBTE K Scheme,Free PDF: Microprocessor (MIC) Unit 3 important question bank for MSBTE K Scheme. Practice and score better.,MIC UNIT 3  VVIMP QUESTION BANK-1 (1).pdf,application/pdf,https://drive.google.com/file/d/1Rj0qfWEqJOhSKEgWn1lPA_FDd58vfnry/view?usp=drivesdk,1Rj0qfWEqJOhSKEgWn1lPA_FDd58vfnry,10/6/2026
MIC K scheme,Question Bank / IMP,3,MIC Unit 3 Question Bank (Version 2) | MSBTE K Scheme,Free PDF: Microprocessor (MIC) Unit 3 important question bank for MSBTE K Scheme. Practice and score better.,MIC UNIT 3  VVIMP QUESTION BANK.pdf,application/pdf,https://drive.google.com/file/d/1T-D6DT6QxJx1Ct8cS1HHDmKNvlGUVNKO/view?usp=drivesdk,1T-D6DT6QxJx1Ct8cS1HHDmKNvlGUVNKO,10/6/2026
MIC K scheme,Question Bank / IMP,4,Microprocessor (MIC) Unit 4 Question Bank | MSBTE K Scheme,Free PDF: Microprocessor (MIC) Unit 4 important question bank for MSBTE K Scheme. Practice and score better.,MIC UNIT 4  VVIMP QUESTION BANK.pdf,application/pdf,https://drive.google.com/file/d/18CpxR5GqKD1GOrmuBcWqt7mXEzwffBwY/view?usp=drivesdk,18CpxR5GqKD1GOrmuBcWqt7mXEzwffBwY,10/6/2026
MIC K scheme,Question Bank / IMP,,MIC Important Questions (IMP) | MSBTE K Scheme,Free PDF: Microprocessor (MIC) most important questions for MSBTE K Scheme. Practice and score better.,MIC IMP Q.pdf,application/pdf,https://drive.google.com/file/d/17n3SMJjYX_rqDngVeF8M6P10lmdsbMyP/view?usp=drivesdk,17n3SMJjYX_rqDngVeF8M6P10lmdsbMyP,10/6/2026
DCN K scheme,Complete / Overview Notes,,DCN Complete Notes | MSBTE K Scheme,"Free PDF: complete notes for Data Communication & Computer Network (DCN), MSBTE K Scheme. Ideal for quick exam revision.",DCN (1).pdf,application/pdf,https://drive.google.com/file/d/1R8uVv3Mofxqh89trmec53_x6OxARdAgZ/view?usp=drivesdk,1R8uVv3Mofxqh89trmec53_x6OxARdAgZ,10/6/2026
DCN K scheme,Complete / Overview Notes,,DCN Complete Notes (Version 2) | MSBTE K Scheme,"Free PDF: complete notes for Data Communication & Computer Network (DCN), MSBTE K Scheme. Ideal for quick exam revision.",DCN.pdf,application/pdf,https://drive.google.com/file/d/11NpHJk-1JbW-4fzmlHL31v39BzbO0TUL/view?usp=drivesdk,11NpHJk-1JbW-4fzmlHL31v39BzbO0TUL,10/6/2026
DCN K scheme,Unit / Chapter Notes,2,DCN Unit 2 Notes | MSBTE K Scheme,"Download Data Communication & Computer Network (DCN) Unit 2 notes in PDF for MSBTE K Scheme. Easy, exam-oriented notes.",DCN UNIT-2 MEGA NOTES-1 (1).pdf,application/pdf,https://drive.google.com/file/d/1UR-eKvClMcL9ypWJhWzfK-YG31yErH0h/view?usp=drivesdk,1UR-eKvClMcL9ypWJhWzfK-YG31yErH0h,10/6/2026
DCN K scheme,Unit / Chapter Notes,2,DCN Unit 2 Notes (Version 2) | MSBTE K Scheme,"Download Data Communication & Computer Network (DCN) Unit 2 notes in PDF for MSBTE K Scheme. Easy, exam-oriented notes.",DCN UNIT-2 MEGA NOTES.pdf,application/pdf,https://drive.google.com/file/d/1Rkh8AfoanBFd7d90C71ar4-UKSmLmRnZ/view?usp=drivesdk,1Rkh8AfoanBFd7d90C71ar4-UKSmLmRnZ,10/6/2026
DCN K scheme,Question Bank / IMP,,DCN Important Questions (IMP) | MSBTE K Scheme,Free PDF: Data Communication & Computer Network (DCN) most important questions for MSBTE K Scheme. Practice and score better.,DCN imp Q.pdf,application/pdf,https://drive.google.com/file/d/1JaqmzTpq3Kkklg0upYJ0RXRWvzZORTBY/view?usp=drivesdk,1JaqmzTpq3Kkklg0upYJ0RXRWvzZORTBY,10/6/2026
DCN K scheme,Paper / Model Answers,,DCN Model Answer Paper | MSBTE K Scheme,Download Data Communication & Computer Network (DCN) model answer paper with solutions PDF for MSBTE K Scheme. Understand the exam pattern.,DCN VVIMP Model Answer Papers (1).pdf,application/pdf,https://drive.google.com/file/d/1b29vccWFsLS_uVEquPiIKW6jnnjLtL9T/view?usp=drivesdk,1b29vccWFsLS_uVEquPiIKW6jnnjLtL9T,10/6/2026
Java K scheme,Unit / Chapter Notes,1,Java Programming (JPR) Unit 1 Notes | MSBTE K Scheme,"Download Java Programming (JPR) Unit 1 notes in PDF for MSBTE K Scheme. Easy, exam-oriented notes.",Java Programming Unit-1 Mega Notes (2) (1).pdf,application/pdf,https://drive.google.com/file/d/1f0h8LyTR-9yNL86JHo4zKE5eVJcwB8pG/view?usp=drivesdk,1f0h8LyTR-9yNL86JHo4zKE5eVJcwB8pG,10/6/2026
Java K scheme,Unit / Chapter Notes,2,Java Programming (JPR) Unit 2 Notes | MSBTE K Scheme,"Download Java Programming (JPR) Unit 2 notes in PDF for MSBTE K Scheme. Easy, exam-oriented notes.",Java Programming Unit-2 Mega Notes (1) (1).pdf,application/pdf,https://drive.google.com/file/d/1JGLP1rD8guSE_ItnmNPrn8_ESeSlJugg/view?usp=drivesdk,1JGLP1rD8guSE_ItnmNPrn8_ESeSlJugg,10/6/2026
Java K scheme,Unit / Chapter Notes,3,Java Programming (JPR) Unit 3 Notes | MSBTE K Scheme,"Download Java Programming (JPR) Unit 3 notes in PDF for MSBTE K Scheme. Easy, exam-oriented notes.",JPR UNIT-3 MEGA NOTES (1).pdf,application/pdf,https://drive.google.com/file/d/1cHFk5Sn7HriFwTTpeoJPmAKPsf4pJuTe/view?usp=drivesdk,1cHFk5Sn7HriFwTTpeoJPmAKPsf4pJuTe,10/6/2026
Java K scheme,Unit / Chapter Notes,4,Java Programming (JPR) Unit 4 Notes | MSBTE K Scheme,"Download Java Programming (JPR) Unit 4 notes in PDF for MSBTE K Scheme. Easy, exam-oriented notes.",JPR UNIT 4 MEGA NOTES (1) (1).pdf,application/pdf,https://drive.google.com/file/d/142tiBzWVKXh31ZrjAcM5j5xabklEn5At/view?usp=drivesdk,142tiBzWVKXh31ZrjAcM5j5xabklEn5At,10/6/2026
Java K scheme,Unit / Chapter Notes,5,Java Programming (JPR) Unit 5 Notes | MSBTE K Scheme,"Download Java Programming (JPR) Unit 5 notes in PDF for MSBTE K Scheme. Easy, exam-oriented notes.",UNIT 5 MEGA NOTES JAVA PROGRAMMING (1).pdf,application/pdf,https://drive.google.com/file/d/1AEAH0nIWod840J64ukSE2ararrgQHbMH/view?usp=drivesdk,1AEAH0nIWod840J64ukSE2ararrgQHbMH,10/6/2026
Java K scheme,Unit / Chapter Notes,6,Java Programming (JPR) Unit 6 Notes | MSBTE K Scheme,"Download Java Programming (JPR) Unit 6 notes in PDF for MSBTE K Scheme. Easy, exam-oriented notes.",Java UNIT 6 MEGA NOTES (1).pdf,application/pdf,https://drive.google.com/file/d/162kohCttXpRdcJvzPN85AI2NyWrNDQyB/view?usp=drivesdk,162kohCttXpRdcJvzPN85AI2NyWrNDQyB,10/6/2026
Java K scheme,Unit / Chapter Notes,6,JPR Unit 6 Notes (Version 2) | MSBTE K Scheme,"Download Java Programming (JPR) Unit 6 notes in PDF for MSBTE K Scheme. Easy, exam-oriented notes.",Java UNIT 6 MEGA NOTES-1 (1).pdf,application/pdf,https://drive.google.com/file/d/139uyXPzmlN26zkWYvcT0mdv9sO0zUfCV/view?usp=drivesdk,139uyXPzmlN26zkWYvcT0mdv9sO0zUfCV,10/6/2026
Java K scheme,Unit / Chapter Notes,6,JPR Unit 6 Notes (Version 3) | MSBTE K Scheme,"Download Java Programming (JPR) Unit 6 notes in PDF for MSBTE K Scheme. Easy, exam-oriented notes.",Java UNIT 6 MEGA NOTES.pdf,application/pdf,https://drive.google.com/file/d/1Mt7PZOMKxDOX71wOyfVJ6C1gfgN40Pml/view?usp=drivesdk,1Mt7PZOMKxDOX71wOyfVJ6C1gfgN40Pml,10/6/2026
Java K scheme,Question Bank / IMP,,JPR Super 25 Important Questions | MSBTE K Scheme,Free PDF: Java Programming (JPR) Super 25 most important questions for MSBTE K Scheme. Practice and score better.,520255-V2V_Super_25_Java_By_Rajan_Sir_3[1] (1).pdf,application/pdf,https://drive.google.com/file/d/1jeGWgN8HoJV1QR00_oWh6g7zXXrO4wbz/view?usp=drivesdk,1jeGWgN8HoJV1QR00_oWh6g7zXXrO4wbz,10/6/2026
Java K scheme,Question Bank / IMP,,JPR Important Questions (IMP) | MSBTE K Scheme,Free PDF: Java Programming (JPR) most important questions for MSBTE K Scheme. Practice and score better.,Java Fix Q.pdf,application/pdf,https://drive.google.com/file/d/1HCDp7qZBZ2EXJ6AmvKtkFx2-vDXA7U_e/view?usp=drivesdk,1HCDp7qZBZ2EXJ6AmvKtkFx2-vDXA7U_e,10/6/2026
Java K scheme,Question Bank / IMP,,Java Programming (JPR) Viva Q&A Set | MSBTE K Scheme,Free PDF: Java Programming (JPR) viva questions and answers for MSBTE K Scheme. Practice and score better.,Java Programming Mega VIVA QnA Set (1) (1).pdf,application/pdf,https://drive.google.com/file/d/1Irhf8BHISflKC9w1ZEJC2e9BHCE9oJ3M/view?usp=drivesdk,1Irhf8BHISflKC9w1ZEJC2e9BHCE9oJ3M,10/6/2026
Java K scheme,Question Bank / IMP,,JPR Viva Q&A Set (Version 2) | MSBTE K Scheme,Free PDF: Java Programming (JPR) viva questions and answers for MSBTE K Scheme. Practice and score better.,Java Programming Mega VIVA QnA Set (1).pdf,application/pdf,https://drive.google.com/file/d/1cr_JF_eAO8V5DlRAHIIkXe9avMKiaLM4/view?usp=drivesdk,1cr_JF_eAO8V5DlRAHIIkXe9avMKiaLM4,10/6/2026
Java K scheme,Question Bank / IMP,,JPR Viva Q&A Set (Version 3) | MSBTE K Scheme,Free PDF: Java Programming (JPR) viva questions and answers for MSBTE K Scheme. Practice and score better.,Java Programming Mega VIVA QnA Set (2).pdf,application/pdf,https://drive.google.com/file/d/1XfMt-ARmpotQb2dmiqayAw6jWcRJBZOf/view?usp=drivesdk,1XfMt-ARmpotQb2dmiqayAw6jWcRJBZOf,10/6/2026
Java K scheme,Question Bank / IMP,,JPR Viva Q&A Set (Version 4) | MSBTE K Scheme,Free PDF: Java Programming (JPR) viva questions and answers for MSBTE K Scheme. Practice and score better.,Java Programming Mega VIVA QnA Set-1 (1).pdf,application/pdf,https://drive.google.com/file/d/1Q0u77sIFGOoSWOEjoBPFTwc2Gc9EiWCX/view?usp=drivesdk,1Q0u77sIFGOoSWOEjoBPFTwc2Gc9EiWCX,10/6/2026
Java K scheme,Question Bank / IMP,,JPR Viva Q&A Set (Version 5) | MSBTE K Scheme,Free PDF: Java Programming (JPR) viva questions and answers for MSBTE K Scheme. Practice and score better.,Java Programming Mega VIVA QnA Set.pdf,application/pdf,https://drive.google.com/file/d/1_3SON4pKqbjs0vhTDqvvdfhujBxNeSbW/view?usp=drivesdk,1_3SON4pKqbjs0vhTDqvvdfhujBxNeSbW,10/6/2026
Java K scheme,Question Bank / IMP,,JPR Important Questions (IMP) (Version 2) | MSBTE K Scheme,Free PDF: Java Programming (JPR) most important questions for MSBTE K Scheme. Practice and score better.,java_imp_k_scheme (1).pdf,application/pdf,https://drive.google.com/file/d/1DW07Ib-S7vg1v9KV3iAm3pWxOQZm20og/view?usp=drivesdk,1DW07Ib-S7vg1v9KV3iAm3pWxOQZm20og,10/6/2026
Java K scheme,Question Bank / IMP,,Java Programming (JPR) Question Bank | MSBTE K Scheme,Free PDF: Java Programming (JPR) important question bank for MSBTE K Scheme. Practice and score better.,JPR 314317 IMP Question Bank for MSBTE Summer 2025 Exam (1).pdf,application/pdf,https://drive.google.com/file/d/1kMP-cZtHKOWgMoZgCX_r1_yDYXis-JmZ/view?usp=drivesdk,1kMP-cZtHKOWgMoZgCX_r1_yDYXis-JmZ,10/6/2026
Java K scheme,Paper / Model Answers,,Java Programming (JPR) Mock Paper Set 2 | MSBTE K Scheme,Download Java Programming (JPR) expected mock question paper PDF for MSBTE K Scheme. Understand the exam pattern.,java programing mock paper set 2 (1).pdf,application/pdf,https://drive.google.com/file/d/1D0IzzPkYz9HPHB8SN1kmmSUXE_Pam6cw/view?usp=drivesdk,1D0IzzPkYz9HPHB8SN1kmmSUXE_Pam6cw,10/6/2026
Java K scheme,Paper / Model Answers,,JPR Mock Paper Set 2 (Version 2) | MSBTE K Scheme,Download Java Programming (JPR) expected mock question paper PDF for MSBTE K Scheme. Understand the exam pattern.,java programing mock paper set 2-1 (1).pdf,application/pdf,https://drive.google.com/file/d/1uzQuxXw3kSXXwZLsKe0bvms4_kw72UjU/view?usp=drivesdk,1uzQuxXw3kSXXwZLsKe0bvms4_kw72UjU,10/6/2026
Java K scheme,Paper / Model Answers,,JPR Mock Paper Set 2 (Version 3) | MSBTE K Scheme,Download Java Programming (JPR) expected mock question paper PDF for MSBTE K Scheme. Understand the exam pattern.,java programing mock paper set 2.pdf,application/pdf,https://drive.google.com/file/d/1Nyig0MDBLWKyxSOS-5W8SNNbdYJG4LVf/view?usp=drivesdk,1Nyig0MDBLWKyxSOS-5W8SNNbdYJG4LVf,10/6/2026
Java K scheme,Paper / Model Answers,,Java Programming (JPR) Mock Paper Set 3 | MSBTE K Scheme,Download Java Programming (JPR) expected mock question paper PDF for MSBTE K Scheme. Understand the exam pattern.,Java programming expected mock set 3  (1).pdf,application/pdf,https://drive.google.com/file/d/1aZb2NoJWCeJ6RGoSPkw6ro7ifzerVhks/view?usp=drivesdk,1aZb2NoJWCeJ6RGoSPkw6ro7ifzerVhks,10/6/2026
Java K scheme,Paper / Model Answers,,JPR Mock Paper Set 3 (Version 2) | MSBTE K Scheme,Download Java Programming (JPR) expected mock question paper PDF for MSBTE K Scheme. Understand the exam pattern.,Java programming expected mock set 3 -1 (1).pdf,application/pdf,https://drive.google.com/file/d/1lfmQ_uK5tscRmZzHnpaTRhTfM4XKvKmR/view?usp=drivesdk,1lfmQ_uK5tscRmZzHnpaTRhTfM4XKvKmR,10/6/2026
Java K scheme,Paper / Model Answers,,JPR Mock Paper Set 3 (Version 3) | MSBTE K Scheme,Download Java Programming (JPR) expected mock question paper PDF for MSBTE K Scheme. Understand the exam pattern.,Java programming expected mock set 3 .pdf,application/pdf,https://drive.google.com/file/d/1UU1ewLtZBSXJzfFuEUVy6IKJcLw-jqEK/view?usp=drivesdk,1UU1ewLtZBSXJzfFuEUVy6IKJcLw-jqEK,10/6/2026
Java K scheme,Paper / Model Answers,,Java Programming (JPR) Practice Paper Set 1 | MSBTE K Scheme,Download Java Programming (JPR) practice question paper PDF for MSBTE K Scheme. Understand the exam pattern.,Java Programming practice paper set-1 (1).pdf,application/pdf,https://drive.google.com/file/d/1XViJBYK5-PHjQIS79pZISvwpQRhaW1pq/view?usp=drivesdk,1XViJBYK5-PHjQIS79pZISvwpQRhaW1pq,10/6/2026
Java K scheme,Paper / Model Answers,,JPR Practice Paper Set 1 (Version 2) | MSBTE K Scheme,Download Java Programming (JPR) practice question paper PDF for MSBTE K Scheme. Understand the exam pattern.,Java Programming practice paper set-1-1 (1).pdf,application/pdf,https://drive.google.com/file/d/1INoNbUMVMaqCWz2dm85gRVM_B6hnPdD1/view?usp=drivesdk,1INoNbUMVMaqCWz2dm85gRVM_B6hnPdD1,10/6/2026
Java K scheme,Paper / Model Answers,,JPR Practice Paper Set 1 (Version 3) | MSBTE K Scheme,Download Java Programming (JPR) practice question paper PDF for MSBTE K Scheme. Understand the exam pattern.,Java Programming practice paper set-1.pdf,application/pdf,https://drive.google.com/file/d/1PVtGq8BaFzEvFUcgRiuTWkNEc5zbP_vf/view?usp=drivesdk,1PVtGq8BaFzEvFUcgRiuTWkNEc5zbP_vf,10/6/2026
EES K scheme,Syllabus,,EES Syllabus | MSBTE K Scheme,"Download the official Environmental Education & Sustainability (EES) syllabus for MSBTE K Scheme diploma students. Units, marks and outcomes.",314301_ENVIRONMENTAL_EDUCATION_AND_SUSTAINABILITYK_Scheme_Syllabus.pdf,application/pdf,https://drive.google.com/file/d/1to2VBzQ14Vz_2yQr62ZglQ09Qqiw6Y5i/view?usp=drivesdk,1to2VBzQ14Vz_2yQr62ZglQ09Qqiw6Y5i,10/6/2026
EES K scheme,Complete / Overview Notes,,EES Complete Notes | MSBTE K Scheme,"Free PDF: complete notes for Environmental Education & Sustainability (EES), MSBTE K Scheme. Ideal for quick exam revision.",22447 Environment EES EST.pdf,application/pdf,https://drive.google.com/file/d/1dOLE9mJtnJZbN18ud7rDIWmkD9mqeNJp/view?usp=drivesdk,1dOLE9mJtnJZbN18ud7rDIWmkD9mqeNJp,10/6/2026
EES K scheme,Complete / Overview Notes,,EES Complete Notes (Version 2) | MSBTE K Scheme,"Free PDF: complete notes for Environmental Education & Sustainability (EES), MSBTE K Scheme. Ideal for quick exam revision.",314301-ENVIRONMENTAL EDUCATION AND SUSTAINABILITY (1).pdf,application/pdf,https://drive.google.com/file/d/1DCHjH1L6sB3Hba2s2KJcXxxxfiYMsm45/view?usp=drivesdk,1DCHjH1L6sB3Hba2s2KJcXxxxfiYMsm45,10/6/2026
EES K scheme,Complete / Overview Notes,,EES Complete Notes (Version 3) | MSBTE K Scheme,"Free PDF: complete notes for Environmental Education & Sustainability (EES), MSBTE K Scheme. Ideal for quick exam revision.",314301-ENVIRONMENTAL EDUCATION AND SUSTAINABILITY.pdf,application/pdf,https://drive.google.com/file/d/1ZHQ39d4EhWq120Eiux0Vo1rXa3F4fNZn/view?usp=drivesdk,1ZHQ39d4EhWq120Eiux0Vo1rXa3F4fNZn,10/6/2026
EES K scheme,Complete / Overview Notes,,EES Complete Notes (Version 4) | MSBTE K Scheme,"Free PDF: complete notes for Environmental Education & Sustainability (EES), MSBTE K Scheme. Ideal for quick exam revision.",314301-ENVIRONMENTAL-EDUCATION-AND-SUSTAINABILITY.pdf,application/pdf,https://drive.google.com/file/d/1Be1YLUbclwKAQdYEa1t-O3QhMKoQ2bUW/view?usp=drivesdk,1Be1YLUbclwKAQdYEa1t-O3QhMKoQ2bUW,10/6/2026
EES K scheme,Question Bank / IMP,,EES Important MCQs | MSBTE K Scheme,Free PDF: Environmental Education & Sustainability (EES) important MCQs for MSBTE K Scheme. Practice and score better.,EES 1 TEST (1).pdf,application/pdf,https://drive.google.com/file/d/17RPUuye8pMK713TRBX-H-ifshre-9IeP/view?usp=drivesdk,17RPUuye8pMK713TRBX-H-ifshre-9IeP,10/6/2026
EES K scheme,Question Bank / IMP,,EES Important MCQs (Version 2) | MSBTE K Scheme,Free PDF: Environmental Education & Sustainability (EES) important MCQs for MSBTE K Scheme. Practice and score better.,EES IMP MCQ (1).pdf,application/pdf,https://drive.google.com/file/d/1uK_IEZ47YjIlK8V5jiymvWe1cJbLnA_i/view?usp=drivesdk,1uK_IEZ47YjIlK8V5jiymvWe1cJbLnA_i,10/6/2026
EES K scheme,Question Bank / IMP,,EES Important MCQs (Version 3) | MSBTE K Scheme,Free PDF: Environmental Education & Sustainability (EES) important MCQs for MSBTE K Scheme. Practice and score better.,EES MCQ_copy.pdf,application/pdf,https://drive.google.com/file/d/10bQxsoHhQqsMcis8H6VDOLkNxwnES2ml/view?usp=drivesdk,10bQxsoHhQqsMcis8H6VDOLkNxwnES2ml,10/6/2026
EES K scheme,Question Bank / IMP,,EES Important Questions (IMP) | MSBTE K Scheme,Free PDF: Environmental Education & Sustainability (EES) most important questions for MSBTE K Scheme. Practice and score better.,EES VVIMP DATABASE BY DIPLOMATECH ACADEMY (1).pdf,application/pdf,https://drive.google.com/file/d/1tzqwSynLrXsOXUrw6e_GWEEAw9y7Gaq_/view?usp=drivesdk,1tzqwSynLrXsOXUrw6e_GWEEAw9y7Gaq_,10/6/2026
OOP K scheme,Complete / Overview Notes,,Object Oriented Programming (OOP) PPT Notes | MSBTE K Scheme,"Free PDF: presentation-style notes for Object Oriented Programming (OOP), MSBTE K Scheme. Ideal for quick exam revision.",22316 VISHAL  OOP PPT -1-Copy (1).pdf,application/pdf,https://drive.google.com/file/d/1b0EkZnxODxZDUwLho22dMQWgaMqbpWjK/view?usp=drivesdk,1b0EkZnxODxZDUwLho22dMQWgaMqbpWjK,10/6/2026
OOP K scheme,Complete / Overview Notes,,OOP Complete Notes | MSBTE K Scheme,"Free PDF: complete notes for Object Oriented Programming (OOP), MSBTE K Scheme. Ideal for quick exam revision.",22316-notes-CO-OOP Notes (1).pdf,application/pdf,https://drive.google.com/file/d/1CuM4-mPgJef6De65IApudc2ETcEY-DdQ/view?usp=drivesdk,1CuM4-mPgJef6De65IApudc2ETcEY-DdQ,10/6/2026
OOP K scheme,Complete / Overview Notes,,OOP Complete Notes (Version 2) | MSBTE K Scheme,"Free PDF: complete notes for Object Oriented Programming (OOP), MSBTE K Scheme. Ideal for quick exam revision.",OOP (313304) (1).pdf,application/pdf,https://drive.google.com/file/d/1ARXrlopT8KGKrBQH6zO9sA3IZraUEdob/view?usp=drivesdk,1ARXrlopT8KGKrBQH6zO9sA3IZraUEdob,10/6/2026
OOP K scheme,Complete / Overview Notes,,OOP Complete Notes (Version 3) | MSBTE K Scheme,"Free PDF: complete notes for Object Oriented Programming (OOP), MSBTE K Scheme. Ideal for quick exam revision.",VISHAL CHAVARE  22316 OOP Inheritance Notes (1).pdf,application/pdf,https://drive.google.com/file/d/1WoEc9P3zOze3WvSStVVPjGKoZWRwQtSF/view?usp=drivesdk,1WoEc9P3zOze3WvSStVVPjGKoZWRwQtSF,10/6/2026
OOP K scheme,Complete / Overview Notes,,OOP Complete Notes (Version 4) | MSBTE K Scheme,"Free PDF: complete notes for Object Oriented Programming (OOP), MSBTE K Scheme. Ideal for quick exam revision.",VISHAL CHAVARE 04-OOP-Basics (1).pdf,application/pdf,https://drive.google.com/file/d/1wAUoaI4yWYDbTdXcBiQCG8TgYV_DXqod/view?usp=drivesdk,1wAUoaI4yWYDbTdXcBiQCG8TgYV_DXqod,10/6/2026
OOP K scheme,Complete / Overview Notes,,OOP Complete Notes (Version 5) | MSBTE K Scheme,"Free PDF: complete notes for Object Oriented Programming (OOP), MSBTE K Scheme. Ideal for quick exam revision.",VISHAL CHAVARE NOTES OOP (1).pdf,application/pdf,https://drive.google.com/file/d/1ltcnU6rruZjqANgTsX3PyI0V_-_YFtRR/view?usp=drivesdk,1ltcnU6rruZjqANgTsX3PyI0V_-_YFtRR,10/6/2026
OOP K scheme,Complete / Overview Notes,,OOP Course Outcome Notes | MSBTE K Scheme,"Free PDF: course outcome wise notes for Object Oriented Programming (OOP), MSBTE K Scheme. Ideal for quick exam revision.",VISHAL CHAVARE OOP CO 3I (1).pdf,application/pdf,https://drive.google.com/file/d/1tkFW-nWdTvbZAoEjZnng451CkxFdq69b/view?usp=drivesdk,1tkFW-nWdTvbZAoEjZnng451CkxFdq69b,10/6/2026
OOP K scheme,Complete / Overview Notes,,OOP Project Material | MSBTE K Scheme,"Free PDF: project material for Object Oriented Programming (OOP), MSBTE K Scheme. Ideal for quick exam revision.",VISHAL CHAVARE OOP PROJECT (1).pdf,application/pdf,https://drive.google.com/file/d/1P6bLuDj5u2yu469lnX7aUM9HoBg8FkOV/view?usp=drivesdk,1P6bLuDj5u2yu469lnX7aUM9HoBg8FkOV,10/6/2026
OOP K scheme,Unit / Chapter Notes,1,OOP Unit 1 Notes | MSBTE K Scheme,"Download Object Oriented Programming (OOP) Unit 1 notes in PDF for MSBTE K Scheme. Easy, exam-oriented notes.",OOP-UNIT-I (1).pdf,application/pdf,https://drive.google.com/file/d/16d81I2vxypDYqHcgxtvPoo8XHoCzRQpD/view?usp=drivesdk,16d81I2vxypDYqHcgxtvPoo8XHoCzRQpD,10/6/2026
OOP K scheme,Unit / Chapter Notes,1,OOP Unit 1 Notes (Version 2) | MSBTE K Scheme,"Download Object Oriented Programming (OOP) Unit 1 notes in PDF for MSBTE K Scheme. Easy, exam-oriented notes.",VISHAL CHAVARE OOP (22316)  chap 1 notes 27 pages (1).pdf,application/pdf,https://drive.google.com/file/d/1YZdsDpzNQJ1XKDLcUYr88fLWS71ZlGQ1/view?usp=drivesdk,1YZdsDpzNQJ1XKDLcUYr88fLWS71ZlGQ1,10/6/2026
OOP K scheme,Unit / Chapter Notes,1,OOP Unit 1 Notes (Version 3) | MSBTE K Scheme,"Download Object Oriented Programming (OOP) Unit 1 notes in PDF for MSBTE K Scheme. Easy, exam-oriented notes.",VISHAL CHAVARE Oop (22316) -chapter1-q-n-a 21 pages (1).pdf,application/pdf,https://drive.google.com/file/d/1-Xl1e2enf1_NUHV9J_ydXW9PH5pPgVsq/view?usp=drivesdk,1-Xl1e2enf1_NUHV9J_ydXW9PH5pPgVsq,10/6/2026
OOP K scheme,Unit / Chapter Notes,1,OOP Unit 1 Notes (Version 4) | MSBTE K Scheme,"Download Object Oriented Programming (OOP) Unit 1 notes in PDF for MSBTE K Scheme. Easy, exam-oriented notes.",VISHAL CHAVARE OOP (22316) chapter 1 notes 43 pages (1).pdf,application/pdf,https://drive.google.com/file/d/14Xu_d8XaYqimIn-8osEjsS7KUSFSFAks/view?usp=drivesdk,14Xu_d8XaYqimIn-8osEjsS7KUSFSFAks,10/6/2026
OOP K scheme,Unit / Chapter Notes,2,OOP Unit 2 Notes | MSBTE K Scheme,"Download Object Oriented Programming (OOP) Unit 2 notes in PDF for MSBTE K Scheme. Easy, exam-oriented notes.",OOP-UNIT-II (1).pdf,application/pdf,https://drive.google.com/file/d/1enFDxvM6gX-3A7RrmFLL37BT-9U9qADZ/view?usp=drivesdk,1enFDxvM6gX-3A7RrmFLL37BT-9U9qADZ,10/6/2026
OOP K scheme,Unit / Chapter Notes,2,OOP Unit 2 Notes (Version 2) | MSBTE K Scheme,"Download Object Oriented Programming (OOP) Unit 2 notes in PDF for MSBTE K Scheme. Easy, exam-oriented notes.",VISHAL CHAVARE OOP Chapter 2 imp notes  (1).pdf,application/pdf,https://drive.google.com/file/d/1RyQsiV9di9hBcV8HQR-1bBwJ8TVkxWx8/view?usp=drivesdk,1RyQsiV9di9hBcV8HQR-1bBwJ8TVkxWx8,10/6/2026
OOP K scheme,Unit / Chapter Notes,2,OOP Unit 2 Notes – Classes and Objects | MSBTE K Scheme,"Download Object Oriented Programming (OOP) Unit 2 – Classes and Objects notes in PDF for MSBTE K Scheme. Easy, exam-oriented notes.",VISHAL_CHAVARE_OOP_22316_chapter_2_classes_and_object_19_pages_1.pdf,application/pdf,https://drive.google.com/file/d/1zguYA-JLDSTQBZaHl9rx-gU7pygz4Ntr/view?usp=drivesdk,1zguYA-JLDSTQBZaHl9rx-gU7pygz4Ntr,10/6/2026
OOP K scheme,Unit / Chapter Notes,3,OOP Unit 3 Notes | MSBTE K Scheme,"Download Object Oriented Programming (OOP) Unit 3 notes in PDF for MSBTE K Scheme. Easy, exam-oriented notes.",OOP-UNIT-III (1).pdf,application/pdf,https://drive.google.com/file/d/1UQOgMyLq_gimh_sxYEk5AxBDUICeA3Eq/view?usp=drivesdk,1UQOgMyLq_gimh_sxYEk5AxBDUICeA3Eq,10/6/2026
OOP K scheme,Unit / Chapter Notes,3,OOP Unit 3 Notes (Version 2) | MSBTE K Scheme,"Download Object Oriented Programming (OOP) Unit 3 notes in PDF for MSBTE K Scheme. Easy, exam-oriented notes.",VISHAL CHAVARE OOP (22316)  chapter 3 (11 pages) (1).pdf,application/pdf,https://drive.google.com/file/d/1FjveOZbXJ8ublALgc9oJJbqhsW4u6_Js/view?usp=drivesdk,1FjveOZbXJ8ublALgc9oJJbqhsW4u6_Js,10/6/2026
OOP K scheme,Unit / Chapter Notes,4,OOP Unit 4 Notes | MSBTE K Scheme,"Download Object Oriented Programming (OOP) Unit 4 notes in PDF for MSBTE K Scheme. Easy, exam-oriented notes.",OOP-UNIT-IV (1).pdf,application/pdf,https://drive.google.com/file/d/1enMQnXTzuFoZ3vqR6yOgkr6kS7PbmfGN/view?usp=drivesdk,1enMQnXTzuFoZ3vqR6yOgkr6kS7PbmfGN,10/6/2026
OOP K scheme,Unit / Chapter Notes,4,OOP Unit 4 Notes (Version 2) | MSBTE K Scheme,"Download Object Oriented Programming (OOP) Unit 4 notes in PDF for MSBTE K Scheme. Easy, exam-oriented notes.",VISHAL CHAVARE OOP (22316)  chapter 4 notes (1).pdf,application/pdf,https://drive.google.com/file/d/1bV_gT10BTh3ZhHUYh9Icxx_-PK3LaVrF/view?usp=drivesdk,1bV_gT10BTh3ZhHUYh9Icxx_-PK3LaVrF,10/6/2026
OOP K scheme,Unit / Chapter Notes,5,OOP Unit 5 Notes | MSBTE K Scheme,"Download Object Oriented Programming (OOP) Unit 5 notes in PDF for MSBTE K Scheme. Easy, exam-oriented notes.",OOP-UNIT-V (1).pdf,application/pdf,https://drive.google.com/file/d/1ulN5EgHWcNcOxHtBb4bPCR5hoPjtTc0Z/view?usp=drivesdk,1ulN5EgHWcNcOxHtBb4bPCR5hoPjtTc0Z,10/6/2026
DSU K scheme,Unit / Chapter Notes,1,Data Structure using C (DSU) Unit 1 Notes | MSBTE K Scheme,"Download Data Structure using C (DSU) Unit 1 notes in PDF for MSBTE K Scheme. Easy, exam-oriented notes.",DSU-Unit-1-Notes-K Scheme-Final-1 (1).pdf,application/pdf,https://drive.google.com/file/d/1-_K562uLjRvSboC-u3DmIhYLDTNQi0kJ/view?usp=drivesdk,1-_K562uLjRvSboC-u3DmIhYLDTNQi0kJ,10/6/2026
DSU K scheme,Unit / Chapter Notes,1,DSU Unit 1 Notes (Version 2) | MSBTE K Scheme,"Download Data Structure using C (DSU) Unit 1 notes in PDF for MSBTE K Scheme. Easy, exam-oriented notes.",DSU-Unit-1-Notes-K Scheme-Final.pdf,application/pdf,https://drive.google.com/file/d/1sfqfZ4BIKnJEvZB9i7a_TXfs-QMQwhSD/view?usp=drivesdk,1sfqfZ4BIKnJEvZB9i7a_TXfs-QMQwhSD,10/6/2026
DSU K scheme,Unit / Chapter Notes,2,Data Structure using C (DSU) Unit 2 Notes | MSBTE K Scheme,"Download Data Structure using C (DSU) Unit 2 notes in PDF for MSBTE K Scheme. Easy, exam-oriented notes.",DSU-Unit-2-Notes - final (1).pdf,application/pdf,https://drive.google.com/file/d/1tgX9ratbz8dRJBQ_pdKvSEXFDERJ6cCk/view?usp=drivesdk,1tgX9ratbz8dRJBQ_pdKvSEXFDERJ6cCk,10/6/2026
DSU K scheme,Unit / Chapter Notes,2,DSU Unit 2 Notes (Version 2) | MSBTE K Scheme,"Download Data Structure using C (DSU) Unit 2 notes in PDF for MSBTE K Scheme. Easy, exam-oriented notes.",DSU-Unit-2-Notes - final.pdf,application/pdf,https://drive.google.com/file/d/1WRczhqlJ2-wcfJtMzwrv3fRNgRlio3_c/view?usp=drivesdk,1WRczhqlJ2-wcfJtMzwrv3fRNgRlio3_c,10/6/2026
DSU K scheme,Unit / Chapter Notes,4,Data Structure using C (DSU) Unit 4 Notes | MSBTE K Scheme,"Download Data Structure using C (DSU) Unit 4 notes in PDF for MSBTE K Scheme. Easy, exam-oriented notes.",DSU-Unit-4-Notes - Copy (1).pdf,application/pdf,https://drive.google.com/file/d/1ssF6SahHtxPFmaFBfkA7JMNc8piIvXtg/view?usp=drivesdk,1ssF6SahHtxPFmaFBfkA7JMNc8piIvXtg,10/6/2026
DSU K scheme,Unit / Chapter Notes,4,DSU Unit 4 Notes (Version 2) | MSBTE K Scheme,"Download Data Structure using C (DSU) Unit 4 notes in PDF for MSBTE K Scheme. Easy, exam-oriented notes.",DSU-Unit-4-Notes - Copy.pdf,application/pdf,https://drive.google.com/file/d/1GaR7xu3dLdY_Lqc10QnoVFuawtre47G9/view?usp=drivesdk,1GaR7xu3dLdY_Lqc10QnoVFuawtre47G9,10/6/2026
DSU K scheme,Unit / Chapter Notes,4,DSU Unit 4 Notes – Stack | MSBTE K Scheme,"Download Data Structure using C (DSU) Unit 4 – Stack notes in PDF for MSBTE K Scheme. Easy, exam-oriented notes.",DSU-Unit-4-Stack.pdf,application/pdf,https://drive.google.com/file/d/1ZulpnuL04xB5rUY2Kko6UVqOtSuJEiCT/view?usp=drivesdk,1ZulpnuL04xB5rUY2Kko6UVqOtSuJEiCT,10/6/2026
DSU K scheme,Unit / Chapter Notes,5,DSU Unit 5 Notes – Queues | MSBTE K Scheme,"Download Data Structure using C (DSU) Unit 5 – Queues notes in PDF for MSBTE K Scheme. Easy, exam-oriented notes.",DSU-Unit-5-Queues.pdf,application/pdf,https://drive.google.com/file/d/16a-oZ8m4zVpJsQOc4KOXLp3TKF8qf94O/view?usp=drivesdk,16a-oZ8m4zVpJsQOc4KOXLp3TKF8qf94O,10/6/2026
DSU K scheme,Unit / Chapter Notes,6,Data Structure using C (DSU) Unit 6 Notes | MSBTE K Scheme,"Download Data Structure using C (DSU) Unit 6 notes in PDF for MSBTE K Scheme. Easy, exam-oriented notes.",DSU-Unit-6-Notes-K Scheme (1).pdf,application/pdf,https://drive.google.com/file/d/1UY36WoWLPSu16pc22Zm_Xlm0nZT_3pFi/view?usp=drivesdk,1UY36WoWLPSu16pc22Zm_Xlm0nZT_3pFi,10/6/2026
DSU K scheme,Unit / Chapter Notes,6,DSU Unit 6 Notes (Version 2) | MSBTE K Scheme,"Download Data Structure using C (DSU) Unit 6 notes in PDF for MSBTE K Scheme. Easy, exam-oriented notes.",DSU-Unit-6-Notes-K Scheme.pdf,application/pdf,https://drive.google.com/file/d/1e381EAIPuO0Zd5-2lx07on_zyMzj6mpm/view?usp=drivesdk,1e381EAIPuO0Zd5-2lx07on_zyMzj6mpm,10/6/2026
DSU K scheme,Question Bank / IMP,,Data Structure using C (DSU) Question Bank | MSBTE K Scheme,Free PDF: Data Structure using C (DSU) important question bank for MSBTE K Scheme. Practice and score better.,DSU QB (1).pdf,application/pdf,https://drive.google.com/file/d/1kuQ9_WM4ZJs2_4zNdnAjIc2uQwXJXGWb/view?usp=drivesdk,1kuQ9_WM4ZJs2_4zNdnAjIc2uQwXJXGWb,10/6/2026
DSU K scheme,Question Bank / IMP,,DSU Question Bank (Version 2) | MSBTE K Scheme,Free PDF: Data Structure using C (DSU) important question bank for MSBTE K Scheme. Practice and score better.,DSU QB.pdf,application/pdf,https://drive.google.com/file/d/19pcRMzmnJ2X2neHCzMuVajeYXW0a70k-/view?usp=drivesdk,19pcRMzmnJ2X2neHCzMuVajeYXW0a70k-,10/6/2026
DSU K scheme,Paper / Model Answers,,DSU Question Paper with Answers | MSBTE K Scheme,Download Data Structure using C (DSU) question paper with answers PDF for MSBTE K Scheme. Understand the exam pattern.,dsu with ans (1).pdf,application/pdf,https://drive.google.com/file/d/1qn6QrrsWuVTnsc4y5vmfHGiS-h2tpmsa/view?usp=drivesdk,1qn6QrrsWuVTnsc4y5vmfHGiS-h2tpmsa,10/6/2026
DBMS k scheme,Complete / Overview Notes,,DBMS Complete Notes | MSBTE K Scheme,"Free PDF: complete notes for Database Management System (DBMS), MSBTE K Scheme. Ideal for quick exam revision.",DBMS (313302) (1).pdf,application/pdf,https://drive.google.com/file/d/1d8IcwmIIA-9jaor_mWmA7REjQvVLQRPN/view?usp=drivesdk,1d8IcwmIIA-9jaor_mWmA7REjQvVLQRPN,10/6/2026
DBMS k scheme,Complete / Overview Notes,,DBMS Complete Notes (Version 2) | MSBTE K Scheme,"Free PDF: complete notes for Database Management System (DBMS), MSBTE K Scheme. Ideal for quick exam revision.",DBMS notes vishal Chavare (1).pdf,application/pdf,https://drive.google.com/file/d/1-YUAsA_RjLj6xnHViZb02q5m0DU9mhF8/view?usp=drivesdk,1-YUAsA_RjLj6xnHViZb02q5m0DU9mhF8,10/6/2026
DBMS k scheme,Complete / Overview Notes,,DBMS Complete Notes (Version 3) | MSBTE K Scheme,"Free PDF: complete notes for Database Management System (DBMS), MSBTE K Scheme. Ideal for quick exam revision.",DBMS Unit Wise Notes by prajwal.pdf,application/pdf,https://drive.google.com/file/d/16Uplfu-vnnVTOQrzI434p4cdQGxS5l2g/view?usp=drivesdk,16Uplfu-vnnVTOQrzI434p4cdQGxS5l2g,10/6/2026
DBMS k scheme,Complete / Overview Notes,,DBMS Complete Notes (Version 4) | MSBTE K Scheme,"Free PDF: complete notes for Database Management System (DBMS), MSBTE K Scheme. Ideal for quick exam revision.",DMS1.docx,application/vnd.openxmlformats-officedocument.wordprocessingml.document,https://docs.google.com/document/d/1WY-1uBwiLylM4qalx2ExY2t_rNhh07s0/edit?usp=drivesdk&ouid=113994532112748351824&rtpof=true&sd=true,1WY-1uBwiLylM4qalx2ExY2t_rNhh07s0,10/6/2026
DBMS k scheme,Complete / Overview Notes,,DBMS Complete Notes (Version 5) | MSBTE K Scheme,"Free PDF: complete notes for Database Management System (DBMS), MSBTE K Scheme. Ideal for quick exam revision.",VISHAL CHAVARE NOTES DBMS (1).pdf,application/pdf,https://drive.google.com/file/d/192_ZxQ2_5MsHQICCiTXomh2g5AU0xauc/view?usp=drivesdk,192_ZxQ2_5MsHQICCiTXomh2g5AU0xauc,10/6/2026
DBMS k scheme,Unit / Chapter Notes,1,DBMS Unit 1 Notes | MSBTE K Scheme,"Download Database Management System (DBMS) Unit 1 notes in PDF for MSBTE K Scheme. Easy, exam-oriented notes.",DMS-Unit-1 (1).pdf,application/pdf,https://drive.google.com/file/d/1fQC3wxy3uGOLupVfMtjqX6kY-mi_F_Dk/view?usp=drivesdk,1fQC3wxy3uGOLupVfMtjqX6kY-mi_F_Dk,10/6/2026
DBMS k scheme,Unit / Chapter Notes,1,DBMS Unit 1 Notes (Version 2) | MSBTE K Scheme,"Download Database Management System (DBMS) Unit 1 notes in PDF for MSBTE K Scheme. Easy, exam-oriented notes.",DMS-Unit-1.pdf,application/pdf,https://drive.google.com/file/d/1MRIRLMZnw-C2zGTBuJmyQ03GKhxsAE94/view?usp=drivesdk,1MRIRLMZnw-C2zGTBuJmyQ03GKhxsAE94,10/6/2026
DBMS k scheme,Unit / Chapter Notes,2,DBMS Unit 2 Notes | MSBTE K Scheme,"Download Database Management System (DBMS) Unit 2 notes in PDF for MSBTE K Scheme. Easy, exam-oriented notes.",DMS-Unit-II.pdf,application/pdf,https://drive.google.com/file/d/12a6_pPObFBZjPvw9gYMhoYRrLdVltKL1/view?usp=drivesdk,12a6_pPObFBZjPvw9gYMhoYRrLdVltKL1,10/6/2026
DBMS k scheme,Unit / Chapter Notes,3,DBMS Unit 3 Notes | MSBTE K Scheme,"Download Database Management System (DBMS) Unit 3 notes in PDF for MSBTE K Scheme. Easy, exam-oriented notes.",DMS-Unit-III.pdf,application/pdf,https://drive.google.com/file/d/1t7uvudmU62xZciH6MC3rU7LIepPBqwhH/view?usp=drivesdk,1t7uvudmU62xZciH6MC3rU7LIepPBqwhH,10/6/2026
DBMS k scheme,Unit / Chapter Notes,4,DBMS Unit 4 Notes | MSBTE K Scheme,"Download Database Management System (DBMS) Unit 4 notes in PDF for MSBTE K Scheme. Easy, exam-oriented notes.",DMS-Unit-IV.pdf,application/pdf,https://drive.google.com/file/d/10YVaLN3oKtjQtXlQky68orHCRQqUCRar/view?usp=drivesdk,10YVaLN3oKtjQtXlQky68orHCRQqUCRar,10/6/2026
DBMS k scheme,Unit / Chapter Notes,5,DBMS Unit 5 Notes | MSBTE K Scheme,"Download Database Management System (DBMS) Unit 5 notes in PDF for MSBTE K Scheme. Easy, exam-oriented notes.",DMS-Unit-V.pdf,application/pdf,https://drive.google.com/file/d/1irkGskwIyCb-yqN8KOMVwYu_4101dgo_/view?usp=drivesdk,1irkGskwIyCb-yqN8KOMVwYu_4101dgo_,10/6/2026
DBMS k scheme,Question Bank / IMP,,DBMS Important Questions (IMP) | MSBTE K Scheme,Free PDF: Database Management System (DBMS) most important questions for MSBTE K Scheme. Practice and score better.,DMS DHANE MASTER (DEQP).pdf,application/pdf,https://drive.google.com/file/d/1P-FbxClFLQSZ_-6eR7wkq2_gc6jpJ-V6/view?usp=drivesdk,1P-FbxClFLQSZ_-6eR7wkq2_gc6jpJ-V6,10/6/2026
DBMS k scheme,Question Bank / IMP,,DBMS Important Questions (IMP) (Version 2) | MSBTE K Scheme,Free PDF: Database Management System (DBMS) most important questions for MSBTE K Scheme. Practice and score better.,dms imp practicalkida.com.PDF,application/pdf,https://drive.google.com/file/d/1zDiFi-NojhK9UbMi4Ru9bwbm0QiQruie/view?usp=drivesdk,1zDiFi-NojhK9UbMi4Ru9bwbm0QiQruie,10/6/2026
DBMS k scheme,Paper / Model Answers,,DBMS Model Answer Paper 2023 | MSBTE K Scheme,Download Database Management System (DBMS) model answer paper with solutions PDF for MSBTE K Scheme. Understand the exam pattern.,DMS 313302 Model Answer 2023.PDF,application/pdf,https://drive.google.com/file/d/1C7cDomQkmDCvfg3T7RZk1YV76I1ptZ8O/view?usp=drivesdk,1C7cDomQkmDCvfg3T7RZk1YV76I1ptZ8O,10/6/2026
DBMS k scheme,Paper / Model Answers,,DBMS Question Paper Winter 2023 | MSBTE K Scheme,Download Database Management System (DBMS) question paper PDF for MSBTE K Scheme. Understand the exam pattern.,DMS Winter 2023 paper.PDF,application/pdf,https://drive.google.com/file/d/1skv7bKTDQhd9MlSYVuQ2nbz72P1Sb3F0/view?usp=drivesdk,1skv7bKTDQhd9MlSYVuQ2nbz72P1Sb3F0,10/6/2026
DTE K scheme,Complete / Overview Notes,,Digital Techniques (DTE) Complete Notes | MSBTE K Scheme,"Free PDF: complete notes for Digital Techniques (DTE), MSBTE K Scheme. Ideal for quick exam revision.",DTE (313303) (1).pdf,application/pdf,https://drive.google.com/file/d/1hyYg6CiPEWgVV42REvKAQKJzm9rmOihF/view?usp=drivesdk,1hyYg6CiPEWgVV42REvKAQKJzm9rmOihF,10/6/2026
DTE K scheme,Complete / Overview Notes,,DTE Complete Notes (Version 2) | MSBTE K Scheme,"Free PDF: complete notes for Digital Techniques (DTE), MSBTE K Scheme. Ideal for quick exam revision.",VISHAL CHAVARE DTE IMP NOTES-unlocked-protected (1).pdf,application/pdf,https://drive.google.com/file/d/1L0AC86uBME7ACfQ5S2zHtSJ4lW9GuMG4/view?usp=drivesdk,1L0AC86uBME7ACfQ5S2zHtSJ4lW9GuMG4,10/6/2026
DTE K scheme,Unit / Chapter Notes,1,Digital Techniques (DTE) Unit 1 Notes | MSBTE K Scheme,"Download Digital Techniques (DTE) Unit 1 notes in PDF for MSBTE K Scheme. Easy, exam-oriented notes.",VISHAL CHAVARE DTE 1 IMP NOTES (1).pdf,application/pdf,https://drive.google.com/file/d/1OfGiW1Tju0NTg1DTeeQ74gwZTCzZ_rJM/view?usp=drivesdk,1OfGiW1Tju0NTg1DTeeQ74gwZTCzZ_rJM,10/6/2026
DTE K scheme,Unit / Chapter Notes,2,Digital Techniques (DTE) Unit 2 Notes | MSBTE K Scheme,"Download Digital Techniques (DTE) Unit 2 notes in PDF for MSBTE K Scheme. Easy, exam-oriented notes.",VISHAL CHAVARE DTE 2 IMP NOTES (1).pdf,application/pdf,https://drive.google.com/file/d/18JKVlp8rKNMHFTqo9Y5QVL1kfaaAOAyq/view?usp=drivesdk,18JKVlp8rKNMHFTqo9Y5QVL1kfaaAOAyq,10/6/2026
DTE K scheme,Unit / Chapter Notes,3,Digital Techniques (DTE) Unit 3 Notes | MSBTE K Scheme,"Download Digital Techniques (DTE) Unit 3 notes in PDF for MSBTE K Scheme. Easy, exam-oriented notes.",VISHAL CHAVARE DTE  CHAP-3 (1).pdf,application/pdf,https://drive.google.com/file/d/13G-8vvz5fz1-Qblgmmk7oeagyshP4dT1/view?usp=drivesdk,13G-8vvz5fz1-Qblgmmk7oeagyshP4dT1,10/6/2026
DTE K scheme,Unit / Chapter Notes,3,DTE Unit 3 Notes (Version 2) | MSBTE K Scheme,"Download Digital Techniques (DTE) Unit 3 notes in PDF for MSBTE K Scheme. Easy, exam-oriented notes.",VISHAL CHAVARE DTE 3 IMP NOTES (1).pdf,application/pdf,https://drive.google.com/file/d/1hN8yRwF2jU_ROi6aTxaz7Z2BeAt6jC3m/view?usp=drivesdk,1hN8yRwF2jU_ROi6aTxaz7Z2BeAt6jC3m,10/6/2026
DTE K scheme,Unit / Chapter Notes,4,Digital Techniques (DTE) Unit 4 Notes | MSBTE K Scheme,"Download Digital Techniques (DTE) Unit 4 notes in PDF for MSBTE K Scheme. Easy, exam-oriented notes.",VISHAL CHAVARE DTE 4 IMP NOTES (1).pdf,application/pdf,https://drive.google.com/file/d/1GBdsxYE6WhxZTvaW3V1Tv5AGj4OS86fL/view?usp=drivesdk,1GBdsxYE6WhxZTvaW3V1Tv5AGj4OS86fL,10/6/2026
DTE K scheme,Unit / Chapter Notes,5,Digital Techniques (DTE) Unit 5 Notes | MSBTE K Scheme,"Download Digital Techniques (DTE) Unit 5 notes in PDF for MSBTE K Scheme. Easy, exam-oriented notes.",VISHAL CHAVARE DTE 5 IMP NOTES (1).pdf,application/pdf,https://drive.google.com/file/d/1aEWSjhK8ktqyWZmH-GcYJt_8yLsHXTkB/view?usp=drivesdk,1aEWSjhK8ktqyWZmH-GcYJt_8yLsHXTkB,10/6/2026
DTE K scheme,Question Bank / IMP,,DTE Important Questions (IMP) | MSBTE K Scheme,Free PDF: Digital Techniques (DTE) most important questions for MSBTE K Scheme. Practice and score better.,DTE VIMP by MSBTE CAMPUS ACADEMY (1).pdf,application/pdf,https://drive.google.com/file/d/1BZ4rsTQB_PcxUl5XC9-hApMc4bAxB82l/view?usp=drivesdk,1BZ4rsTQB_PcxUl5XC9-hApMc4bAxB82l,10/6/2026
DTE K scheme,Question Bank / IMP,,Digital Techniques (DTE) Important MCQs | MSBTE K Scheme,Free PDF: Digital Techniques (DTE) important MCQs for MSBTE K Scheme. Practice and score better.,VISHAL CHAVARE DTE  IMPORTANT MCQ WITH SOLUTION (1).pdf,application/pdf,https://drive.google.com/file/d/1yaFfrdAbDeZLYJpOyRGaE_Vx-Qjg-JfC/view?usp=drivesdk,1yaFfrdAbDeZLYJpOyRGaE_Vx-Qjg-JfC,10/6/2026
DTE K scheme,Question Bank / IMP,,DTE Important MCQs (Version 2) | MSBTE K Scheme,Free PDF: Digital Techniques (DTE) important MCQs for MSBTE K Scheme. Practice and score better.,VISHAL CHAVARE DTE IMP MCQ  (1).pdf,application/pdf,https://drive.google.com/file/d/1k_5WjeIzZG1AOfLL3caWowwh1xwh4fTs/view?usp=drivesdk,1k_5WjeIzZG1AOfLL3caWowwh1xwh4fTs,10/6/2026
DTE K scheme,Question Bank / IMP,,DTE Important MCQs (Version 3) | MSBTE K Scheme,Free PDF: Digital Techniques (DTE) important MCQs for MSBTE K Scheme. Practice and score better.,VISHAL CHAVARE DTE MCQS E&TC 3I (1).pdf,application/pdf,https://drive.google.com/file/d/1HWHzOypXiao_8FRGTggh5BOAOKQZAUoI/view?usp=drivesdk,1HWHzOypXiao_8FRGTggh5BOAOKQZAUoI,10/6/2026
DTE K scheme,Question Bank / IMP,,Digital Techniques (DTE) Important Problems | MSBTE K Scheme,Free PDF: Digital Techniques (DTE) important solved problems for MSBTE K Scheme. Practice and score better.,VISHAL CHAVARE DTE problem -Copy (1).pdf,application/pdf,https://drive.google.com/file/d/1X3kppneGlMyJ-ueEY78MUTYm13xLtiw5/view?usp=drivesdk,1X3kppneGlMyJ-ueEY78MUTYm13xLtiw5,10/6/2026
DTE K scheme,Question Bank / IMP,,DTE Important Questions (IMP) (Version 2) | MSBTE K Scheme,Free PDF: Digital Techniques (DTE) most important questions for MSBTE K Scheme. Practice and score better.,VISHU CHAVARE Dte imp question (1).pdf,application/pdf,https://drive.google.com/file/d/1jDsXADX0AZpNjPzHrsZ-53RBcNyNWO0O/view?usp=drivesdk,1jDsXADX0AZpNjPzHrsZ-53RBcNyNWO0O,10/6/2026
DTE K scheme,Paper / Model Answers,,DTE Previous Year & Sample Question Paper | MSBTE K Scheme,Download Digital Techniques (DTE) previous year and sample question paper PDF for MSBTE K Scheme. Understand the exam pattern.,DTE_previous_year_question_papers_22320_Sample_question_paper_Digital.pdf,application/pdf,https://drive.google.com/file/d/1OO5RXq38hZf5x4930tB8HWb6R2njDr18/view?usp=drivesdk,1OO5RXq38hZf5x4930tB8HWb6R2njDr18,10/6/2026
